,ClusterGenes,HitGenes,GO_term,depth,p_value
1,"['HTD2', 'AGE2', 'FLX1', 'PTC1', 'CSI1', 'RCE1']","['855040', '855317', '851558']",GO:0000746,4,0.005026805
2,"['HTD2', 'AGE2', 'FLX1', 'PTC1', 'CSI1', 'RCE1']","['855040', '855317', '854672', '851558']",GO:0042221,3,0.010846044
3,"['PRM8', 'MST27', 'UIP3', 'MNT4', 'RPO41', 'BUD7']","['852830', '851279', '854475', '852828']",GO:0012505,3,0.06406236
4,"['PRM8', 'MST27', 'UIP3', 'MNT4', 'RPO41', 'BUD7']","['852830', '851279', '852828']",GO:0005886,3,0.06406236
5,"['LDB19', 'MSS11', 'ISW2', 'NPR3']","['855200', '856362']",GO:0007124,4,0.031573709
6,"['MPD1', 'ZDS2', 'ERV29', 'PUS6', 'LPP1', 'SNQ2']","['853079', '854462']",GO:0016853,3,0.068472775
7,"['DLT1', 'MDL1', 'PEX2', 'CHS6', 'YAP1802']","['855156', '853157', '853219', '853346', '850885']",GO:0016020,2,0.091513704
8,"['TCB3', 'TGL5', 'BLM10', 'PIP2', 'YLR455W', 'GVP36']","['854545', '854903', '854248']",GO:0006629,4,0.086047043
9,"['NCE102', 'PMP3', 'PNS1', 'TIM21']","['851869', '854332', '856272']",GO:0005886,3,0.0238442
10,"['MF(ALPHA)1', 'ICE2', 'YNL108C', 'HMG2', 'MF(ALPHA)2', 'YOP1']","['856140', '854718']",GO:0048308,5,0.03584539
11,"['MF(ALPHA)1', 'ICE2', 'YNL108C', 'HMG2', 'MF(ALPHA)2', 'YOP1']","['852791', '855914']",GO:0005576,2,0.047347218
12,"['MF(ALPHA)1', 'ICE2', 'YNL108C', 'HMG2', 'MF(ALPHA)2', 'YOP1']","['852791', '855914']",GO:0000746,4,0.047347218
13,"['MF(ALPHA)1', 'ICE2', 'YNL108C', 'HMG2', 'MF(ALPHA)2', 'YOP1']","['851171', '856140', '854718']",GO:0005783,4,0.047828221
14,"['MEP3', 'YPT52', 'IRC8', 'YPR071W', 'STP2']","['853884', '856397', '856260']",GO:0005886,3,0.041181167
15,"['MEP3', 'YPT52', 'IRC8', 'YPR071W', 'STP2']","['856397', '856260', '853396', '856184', '853884']",GO:0016020,2,0.041181167
16,"['GAP1', 'DAL5', 'CSR1', 'DAL2', 'MEP2', 'YOR111W', 'EKI1', 'MGR3', 'VBA1', 'DAL1', 'CPS1', 'DAL3']","['851096', '853912', '855113', '855580', '853617']",GO:0006811,5,0.012638044
17,"['GAP1', 'DAL5', 'CSR1', 'DAL2', 'MEP2', 'YOR111W', 'EKI1', 'MGR3', 'VBA1', 'DAL1', 'CPS1', 'DAL3']","['853912', '855580', '853617', '855113']",GO:0022857,3,0.047503284
18,"['GAP1', 'DAL5', 'CSR1', 'DAL2', 'MEP2', 'YOR111W', 'EKI1', 'MGR3', 'VBA1', 'DAL1', 'CPS1', 'DAL3']","['853912', '855113']",GO:0006865,6,0.047503284
19,"['GAP1', 'DAL5', 'CSR1', 'DAL2', 'MEP2', 'YOR111W', 'EKI1', 'MGR3', 'VBA1', 'DAL1', 'CPS1', 'DAL3']","['853912', '855580', '853617', '855113']",GO:0055085,5,0.06264628
20,"['GAP1', 'DAL5', 'CSR1', 'DAL2', 'MEP2', 'YOR111W', 'EKI1', 'MGR3', 'VBA1', 'DAL1', 'CPS1', 'DAL3']","['853912', '853267', '855113']",GO:0005773,5,0.06741625
21,"['GAP1', 'DAL5', 'CSR1', 'DAL2', 'MEP2', 'YOR111W', 'EKI1', 'MGR3', 'VBA1', 'DAL1', 'CPS1', 'DAL3']","['854847', '854850', '854845']",GO:0055086,4,0.06741625
22,"['TAL1', 'DUG1', 'TSA1', 'ACB1', 'LAT1']","['855653', '850605', '851068']",GO:0051186,4,0.01455508
23,"['TAL1', 'DUG1', 'TSA1', 'ACB1', 'LAT1']","['855653', '852925']",GO:0032787,7,0.085299747
24,"['PMT3', 'LCB4', 'DIA2', 'YIR035C', 'KTR1', 'PMT5']","['854266', '854499', '851464']",GO:0006486,5,0.000815774
25,"['PMT3', 'LCB4', 'DIA2', 'YIR035C', 'KTR1', 'PMT5']","['854266', '854499', '851464']",GO:0016757,4,0.001180864
26,"['PMT3', 'LCB4', 'DIA2', 'YIR035C', 'KTR1', 'PMT5']","['851464', '854499', '854342', '854247', '854266']",GO:0016740,3,0.002832421
27,"['PMT3', 'LCB4', 'DIA2', 'YIR035C', 'KTR1', 'PMT5']","['854266', '854499', '854342', '851464']",GO:0012505,3,0.031749983
28,"['PMT3', 'LCB4', 'DIA2', 'YIR035C', 'KTR1', 'PMT5']","['854499', '854342', '851464']",GO:0005783,4,0.039679709
29,"['PMT3', 'LCB4', 'DIA2', 'YIR035C', 'KTR1', 'PMT5']","['851464', '854499', '854342', '854853', '854266']",GO:0016020,2,0.063066027
30,"['PMT3', 'LCB4', 'DIA2', 'YIR035C', 'KTR1', 'PMT5']","['854266', '854342']",GO:0005794,4,0.08758841
31,"['CLG1', 'SNF4', 'ARF2', 'CDC73', 'GET4', 'XPT1', 'YPT6', 'EMP47', 'YHL017W']","['851418', '856369', '850496', '850966']",GO:0005794,4,0.012745541
32,"['CLG1', 'SNF4', 'ARF2', 'CDC73', 'GET4', 'XPT1', 'YPT6', 'EMP47', 'YHL017W']","['852657', '851136', '852763']",GO:0031399,6,0.040029769
33,"['CLG1', 'SNF4', 'ARF2', 'CDC73', 'GET4', 'XPT1', 'YPT6', 'EMP47', 'YHL017W']","['852657', '851136', '852763']",GO:0006468,7,0.046419623
34,"['CLG1', 'SNF4', 'ARF2', 'CDC73', 'GET4', 'XPT1', 'YPT6', 'EMP47', 'YHL017W']","['850966', '852763', '851418', '856369', '850496']",GO:0012505,3,0.046419623
35,"['CLG1', 'SNF4', 'ARF2', 'CDC73', 'GET4', 'XPT1', 'YPT6', 'EMP47', 'YHL017W']","['851418', '850966']",GO:0003924,8,0.048092774
36,"['SYF2', 'CHL1', 'LGE1', 'TLG2', 'COQ10', 'YJR111C', 'HRD3', 'BUL2']","['854929', '850904', '856052']",GO:0070647,7,0.071412599
37,"['YHR112C', 'LAP4', 'YKR011C', 'DDR48', 'SMF1', 'TSA2', 'YLR241W', 'TRR2', 'YMR315W', 'GSP2', 'IDH2', 'ISN1']","['852064', '854303', '855363', '856506']",GO:0016491,3,0.09177899
38,"['ELM1', 'YAR1', 'FRT2', 'FMP32', 'SVL3', 'ARR1', 'MYO4']","['851204', '853818', '856075']",GO:0005933,3,0.024880972
39,"['ELM1', 'YAR1', 'FRT2', 'FMP32', 'SVL3', 'ARR1', 'MYO4']","['851204', '853818', '856075']",GO:0030427,3,0.024880972
40,"['ELM1', 'YAR1', 'FRT2', 'FMP32', 'SVL3', 'ARR1', 'MYO4']","['851205', '855837']",GO:0006970,4,0.051227589
41,"['DSE4', 'SCW11', 'DSE2', 'DSE3', 'SUN4', 'BUD9', 'PHO91', 'CTS1', 'MET31']","['856546', '850992', '855659', '852856', '855804']",GO:0016798,4,2.65E-07
42,"['DSE4', 'SCW11', 'DSE2', 'DSE3', 'SUN4', 'BUD9', 'PHO91', 'CTS1', 'MET31']","['856546', '850992', '855659', '852856', '855804']",GO:0005576,2,1.69E-06
43,"['DSE4', 'SCW11', 'DSE2', 'DSE3', 'SUN4', 'BUD9', 'PHO91', 'CTS1', 'MET31']","['856546', '850992', '855659', '852856', '855804']",GO:0005618,4,1.69E-06
44,"['DSE4', 'SCW11', 'DSE2', 'DSE3', 'SUN4', 'BUD9', 'PHO91', 'CTS1', 'MET31']","['856546', '855659', '850992', '852856']",GO:0071554,3,0.001849635
45,"['DSE4', 'SCW11', 'DSE2', 'DSE3', 'SUN4', 'BUD9', 'PHO91', 'CTS1', 'MET31']","['850992', '854437', '852932']",GO:0005933,3,0.013209499
46,"['DSE4', 'SCW11', 'DSE2', 'DSE3', 'SUN4', 'BUD9', 'PHO91', 'CTS1', 'MET31']","['850992', '854437', '852932']",GO:0030427,3,0.013209499
47,"['DSE4', 'SCW11', 'DSE2', 'DSE3', 'SUN4', 'BUD9', 'PHO91', 'CTS1', 'MET31']","['855659', '850992', '852856']",GO:0005975,4,0.022393619
48,"['DSE4', 'SCW11', 'DSE2', 'DSE3', 'SUN4', 'BUD9', 'PHO91', 'CTS1', 'MET31']","['855659', '852932']",GO:0000910,4,0.024158655
49,"['DSE4', 'SCW11', 'DSE2', 'DSE3', 'SUN4', 'BUD9', 'PHO91', 'CTS1', 'MET31']","['856546', '850992', '855659', '852856', '855804']",GO:0016787,3,0.025661475
50,"['LOT5', 'TOM7', 'TOM6', 'CAP1']","['854210', '855654']",GO:0008565,3,0.008093329
51,"['LOT5', 'TOM7', 'TOM6', 'CAP1']","['854210', '855654']",GO:0006605,6,0.047693127
52,"['LOT5', 'TOM7', 'TOM6', 'CAP1']","['854210', '855654']",GO:0007005,5,0.064015558
53,"['LOT5', 'TOM7', 'TOM6', 'CAP1']","['854210', '855654']",GO:0022857,3,0.086902599
54,"['LOT5', 'TOM7', 'TOM6', 'CAP1']","['854210', '855654']",GO:0005740,5,0.089260337
55,"['LOT5', 'TOM7', 'TOM6', 'CAP1']","['854210', '855654']",GO:0055085,5,0.094238223
56,"['UBA4', 'RPS27A', 'RPL31B', 'RPS10A', 'MAM3', 'RPL35A', 'RPS29A', 'RPS30B', 'RMA1', 'RPS16B', 'RPL21B', 'PKP1', 'RPS28A', 'MOG1', 'ECM27', 'RPS21A', 'CHO2', 'RPL26A', 'RPS25B', 'RPS21B', 'RPS29B']","['851045', '851122', '851058', '851498', '854468', '851104', '851476', '853305', '854338', '854354', '856026', '853700', '851336', '853931']",GO:0002181,7,3.16E-15
57,"['UBA4', 'RPS27A', 'RPL31B', 'RPS10A', 'MAM3', 'RPL35A', 'RPS29A', 'RPS30B', 'RMA1', 'RPS16B', 'RPL21B', 'PKP1', 'RPS28A', 'MOG1', 'ECM27', 'RPS21A', 'CHO2', 'RPL26A', 'RPS25B', 'RPS21B', 'RPS29B']","['851045', '851122', '851058', '851498', '854468', '851104', '851476', '853305', '854338', '854354', '856026', '853700', '851336', '853931']",GO:0003735,3,1.75E-14
58,"['UBA4', 'RPS27A', 'RPL31B', 'RPS10A', 'MAM3', 'RPL35A', 'RPS29A', 'RPS30B', 'RMA1', 'RPS16B', 'RPL21B', 'PKP1', 'RPS28A', 'MOG1', 'ECM27', 'RPS21A', 'CHO2', 'RPL26A', 'RPS25B', 'RPS21B', 'RPS29B']","['851045', '851122', '851058', '851498', '854468', '851104', '851476', '853305', '854338', '854354', '856026', '853700', '851336', '853931']",GO:0005840,4,4.20E-13
59,"['UBA4', 'RPS27A', 'RPL31B', 'RPS10A', 'MAM3', 'RPL35A', 'RPS29A', 'RPS30B', 'RMA1', 'RPS16B', 'RPL21B', 'PKP1', 'RPS28A', 'MOG1', 'ECM27', 'RPS21A', 'CHO2', 'RPL26A', 'RPS25B', 'RPS21B', 'RPS29B']","['851045', '851122', '851058', '851498', '854468', '851104', '851476', '853305', '854338', '854354', '856026', '853700', '851336', '853931']",GO:0005198,2,4.92E-12
60,"['UBA4', 'RPS27A', 'RPL31B', 'RPS10A', 'MAM3', 'RPL35A', 'RPS29A', 'RPS30B', 'RMA1', 'RPS16B', 'RPL21B', 'PKP1', 'RPS28A', 'MOG1', 'ECM27', 'RPS21A', 'CHO2', 'RPL26A', 'RPS25B', 'RPS21B', 'RPS29B']","['851476', '853305', '853931', '853700']",GO:0042274,5,0.008103922
61,"['UBA4', 'RPS27A', 'RPL31B', 'RPS10A', 'MAM3', 'RPL35A', 'RPS29A', 'RPS30B', 'RMA1', 'RPS16B', 'RPL21B', 'PKP1', 'RPS28A', 'MOG1', 'ECM27', 'RPS21A', 'CHO2', 'RPL26A', 'RPS25B', 'RPS21B', 'RPS29B']","['851476', '853305', '853700', '851336', '853931']",GO:0006364,6,0.01260714
62,"['UBA4', 'RPS27A', 'RPL31B', 'RPS10A', 'MAM3', 'RPL35A', 'RPS29A', 'RPS30B', 'RMA1', 'RPS16B', 'RPL21B', 'PKP1', 'RPS28A', 'MOG1', 'ECM27', 'RPS21A', 'CHO2', 'RPL26A', 'RPS25B', 'RPS21B', 'RPS29B']","['851122', '851058', '854468', '853305', '856511', '851045', '851498', '854338', '854094', '853727', '851336', '854769', '851104', '856026', '853700', '854354', '851476', '853061', '853931']",GO:0005737,4,0.030398697
63,"['YIL108W', 'YOR385W', 'YGK3', 'BCH2', 'RCN1', 'YLR194C', 'FLC1', 'KTR2', 'PRM5', 'DNL4', 'YJL171C', 'MRK1', 'DFG5', 'DIA1', 'SCM4', 'FLC2', 'HUA1', 'ELO1']","['851246', '855880', '853898', '853935', '855278']",GO:0071554,3,0.023451227
64,"['YIL108W', 'YOR385W', 'YGK3', 'BCH2', 'RCN1', 'YLR194C', 'FLC1', 'KTR2', 'PRM5', 'DNL4', 'YJL171C', 'MRK1', 'DFG5', 'DIA1', 'SCM4', 'FLC2', 'HUA1', 'ELO1']","['851246', '851480', '853992']",GO:0006970,4,0.039174624
65,"['MCH5', 'NUP53', 'YPT32', 'FAR11', 'YPR063C']","['856176', '852662', '855184', '855596']",GO:0012505,3,0.062949109
66,"['VPS71', 'CTF4', 'SPE2', 'DAS1']","['856254', '854966']",GO:0003682,3,0.049660956
67,"['PLB3', 'CLB2', 'CLB1', 'GAS3', 'AIM20', 'ASH1', 'YNL040W', 'ALK1', 'SFG1', 'MMR1', 'BUD4']","['853650', '853002', '852863', '854493', '856236', '853554']",GO:0000278,4,0.000419292
68,"['PLB3', 'CLB2', 'CLB1', 'GAS3', 'AIM20', 'ASH1', 'YNL040W', 'ALK1', 'SFG1', 'MMR1', 'BUD4']","['850887', '856236', '853650', '853554']",GO:0005933,3,0.007128715
69,"['PLB3', 'CLB2', 'CLB1', 'GAS3', 'AIM20', 'ASH1', 'YNL040W', 'ALK1', 'SFG1', 'MMR1', 'BUD4']","['850887', '856236', '853554']",GO:0030427,3,0.059453092
70,"['PLB3', 'CLB2', 'CLB1', 'GAS3', 'AIM20', 'ASH1', 'YNL040W', 'ALK1', 'SFG1', 'MMR1', 'BUD4']","['853002', '856236', '852863']",GO:0006468,7,0.059453092
71,"['PLB3', 'CLB2', 'CLB1', 'GAS3', 'AIM20', 'ASH1', 'YNL040W', 'ALK1', 'SFG1', 'MMR1', 'BUD4']","['854493', '853650']",GO:0007124,4,0.059453092
72,"['PLB3', 'CLB2', 'CLB1', 'GAS3', 'AIM20', 'ASH1', 'YNL040W', 'ALK1', 'SFG1', 'MMR1', 'BUD4']","['853002', '856236', '853554']",GO:0007010,5,0.059453092
73,"['PLB3', 'CLB2', 'CLB1', 'GAS3', 'AIM20', 'ASH1', 'YNL040W', 'ALK1', 'SFG1', 'MMR1', 'BUD4']","['853002', '856236', '853650']",GO:0051726,4,0.059453092
74,"['PLB3', 'CLB2', 'CLB1', 'GAS3', 'AIM20', 'ASH1', 'YNL040W', 'ALK1', 'SFG1', 'MMR1', 'BUD4']","['855255', '854151']",GO:0005576,2,0.074225611
75,"['PLB3', 'CLB2', 'CLB1', 'GAS3', 'AIM20', 'ASH1', 'YNL040W', 'ALK1', 'SFG1', 'MMR1', 'BUD4']","['855255', '853554']",GO:0005618,4,0.076487246
76,"['YHI9', 'MCH4', 'MET22', 'CAF16', 'STR2', 'BNA1']","['853594', '853482', '854090']",GO:0006520,4,0.025566003
77,"['SLX5', 'RDS2', 'TSR3', 'IXR1', 'RAD7']","['853512', '853836', '851549']",GO:0006281,6,0.018202693
78,"['SLX5', 'RDS2', 'TSR3', 'IXR1', 'RAD7']","['853512', '853836', '851549']",GO:0006974,5,0.018202693
79,"['SLX5', 'RDS2', 'TSR3', 'IXR1', 'RAD7']","['854167', '853512', '851549', '853836', '855970']",GO:0005634,5,0.031231158
80,"['SLX5', 'RDS2', 'TSR3', 'IXR1', 'RAD7']","['853512', '853836', '855970']",GO:0003677,5,0.04338653
81,"['SLX5', 'RDS2', 'TSR3', 'IXR1', 'RAD7']","['853512', '851549']",GO:0070647,7,0.050640761
82,"['SLX5', 'RDS2', 'TSR3', 'IXR1', 'RAD7']","['853512', '851549']",GO:0051603,6,0.053702418
83,"['SLX5', 'RDS2', 'TSR3', 'IXR1', 'RAD7']","['853512', '854167', '851549']",GO:0016740,3,0.084676633
84,"['BSC6', 'AHA1', 'KHA1', 'BTN2', 'RPN4', 'TUM1', 'OPT1', 'GTR1', 'APJ1', 'OPI10', 'CUR1']","['856281', '855647', '851800', '853043']",GO:0006457,3,0.001075093
85,"['PIN2', 'HXT2', 'TOK1', 'YAP1', 'DGK1']","['853352', '855023', '854271']",GO:0005886,3,0.075509299
86,"['MSC3', 'GCN3', 'ERP2', 'NSG1', 'YHB1', 'SEY1', 'HOM6', 'RNH202', 'CRS5', 'YPR114W', 'VTC2', 'MTL1', 'SOP4', 'SFH5', 'MRI1', 'ESBP6', 'HAM1', 'VPS74', 'SUT2', 'MNN11', 'CCC1', 'GGA2', 'ALG5', 'OST6', 'YGL082W', 'GCN20', 'URA4', 'ARO7']","['855874', '853296', '850544', '855598', '856535', '853256', '853247', '851978', '850917', '854989', '856508', '851226', '854336', '856230']",GO:0012505,3,0.000433935
87,"['MSC3', 'GCN3', 'ERP2', 'NSG1', 'YHB1', 'SEY1', 'HOM6', 'RNH202', 'CRS5', 'YPR114W', 'VTC2', 'MTL1', 'SOP4', 'SFH5', 'MRI1', 'ESBP6', 'HAM1', 'VPS74', 'SUT2', 'MNN11', 'CCC1', 'GGA2', 'ALG5', 'OST6', 'YGL082W', 'GCN20', 'URA4', 'ARO7']","['855874', '853296', '850544', '855598', '856535', '853247', '854989', '851226', '854336', '856230']",GO:0005783,4,0.000716736
88,"['MSC3', 'GCN3', 'ERP2', 'NSG1', 'YHB1', 'SEY1', 'HOM6', 'RNH202', 'CRS5', 'YPR114W', 'VTC2', 'MTL1', 'SOP4', 'SFH5', 'MRI1', 'ESBP6', 'HAM1', 'VPS74', 'SUT2', 'MNN11', 'CCC1', 'GGA2', 'ALG5', 'OST6', 'YGL082W', 'GCN20', 'URA4', 'ARO7']","['853296', '851978', '853247', '856508', '851226']",GO:0048193,6,0.034673435
89,"['MSC3', 'GCN3', 'ERP2', 'NSG1', 'YHB1', 'SEY1', 'HOM6', 'RNH202', 'CRS5', 'YPR114W', 'VTC2', 'MTL1', 'SOP4', 'SFH5', 'MRI1', 'ESBP6', 'HAM1', 'VPS74', 'SUT2', 'MNN11', 'CCC1', 'GGA2', 'ALG5', 'OST6', 'YGL082W', 'GCN20', 'URA4', 'ARO7']","['852905', '856118', '853896']",GO:0042594,4,0.046933202
90,"['MSC3', 'GCN3', 'ERP2', 'NSG1', 'YHB1', 'SEY1', 'HOM6', 'RNH202', 'CRS5', 'YPR114W', 'VTC2', 'MTL1', 'SOP4', 'SFH5', 'MRI1', 'ESBP6', 'HAM1', 'VPS74', 'SUT2', 'MNN11', 'CCC1', 'GGA2', 'ALG5', 'OST6', 'YGL082W', 'GCN20', 'URA4', 'ARO7']","['854989', '853256', '855874']",GO:0006486,5,0.048817339
91,"['MSC3', 'GCN3', 'ERP2', 'NSG1', 'YHB1', 'SEY1', 'HOM6', 'RNH202', 'CRS5', 'YPR114W', 'VTC2', 'MTL1', 'SOP4', 'SFH5', 'MRI1', 'ESBP6', 'HAM1', 'VPS74', 'SUT2', 'MNN11', 'CCC1', 'GGA2', 'ALG5', 'OST6', 'YGL082W', 'GCN20', 'URA4', 'ARO7']","['855874', '853296', '850544', '855598', '856535', '853256', '853247', '851978', '850917', '854989', '850916', '856508', '852905', '851226', '854336', '856230']",GO:0016020,2,0.048817339
92,"['KTR6', 'GID8', 'PAC1', 'ISU1', 'FSH1', 'HRD1', 'KTR7']","['854149', '854724', '856054']",GO:0071554,3,0.03831785
93,"['KTR6', 'GID8', 'PAC1', 'ISU1', 'FSH1', 'HRD1', 'KTR7']","['854724', '856054']",GO:0006486,5,0.03831785
94,"['KTR6', 'GID8', 'PAC1', 'ISU1', 'FSH1', 'HRD1', 'KTR7']","['854724', '856054']",GO:0016757,4,0.051423306
95,"['PGC1', 'YLR179C', 'YDC1', 'PBI2', 'PGM3', 'OPI3', 'YOR289W', 'TFS1', 'CTT1', 'YFR045W', 'HSP31', 'STF2', 'SOL4', 'YJR096W', 'HXK1', 'GND2', 'YOR292C', 'BDH1', 'MCR1', 'VPS73', 'GTO3', 'GAD1', 'ALD4', 'LSP1', 'FKH1', 'MRP8', 'YMR196W', 'GRE3', 'UBP15', 'YPR172W', 'MSC1', 'YKL091C', 'TMA10', 'YHR140W', 'GCY1', 'HSP12', 'DCS2', 'FAA1', 'PNC1', 'FMP33', 'ALD2', 'GLO1', 'YGR149W', 'PGM2', 'AIM17']","['852146', '854287', '856504', '855291', '850532', '852979', '853707', '853559']",GO:0006979,4,8.50E-05
96,"['PGC1', 'YLR179C', 'YDC1', 'PBI2', 'PGM3', 'OPI3', 'YOR289W', 'TFS1', 'CTT1', 'YFR045W', 'HSP31', 'STF2', 'SOL4', 'YJR096W', 'HXK1', 'GND2', 'YOR292C', 'BDH1', 'MCR1', 'VPS73', 'GTO3', 'GAD1', 'ALD4', 'LSP1', 'FKH1', 'MRP8', 'YMR196W', 'GRE3', 'UBP15', 'YPR172W', 'MSC1', 'YKL091C', 'TMA10', 'YHR140W', 'GCY1', 'HSP12', 'DCS2', 'FAA1', 'PNC1', 'FMP33', 'ALD2', 'GLO1', 'YGR149W', 'PGM2', 'AIM17']","['854495', '853172', '854556', '855009', '852979', '855292', '850614', '855206', '852846', '853163']",GO:0051186,4,0.000337767
97,"['PGC1', 'YLR179C', 'YDC1', 'PBI2', 'PGM3', 'OPI3', 'YOR289W', 'TFS1', 'CTT1', 'YFR045W', 'HSP31', 'STF2', 'SOL4', 'YJR096W', 'HXK1', 'GND2', 'YOR292C', 'BDH1', 'MCR1', 'VPS73', 'GTO3', 'GAD1', 'ALD4', 'LSP1', 'FKH1', 'MRP8', 'YMR196W', 'GRE3', 'UBP15', 'YPR172W', 'MSC1', 'YKL091C', 'TMA10', 'YHR140W', 'GCY1', 'HSP12', 'DCS2', 'FAA1', 'PNC1', 'FMP33', 'ALD2', 'GLO1', 'YGR149W', 'PGM2', 'AIM17']","['851239', '854287', '856504', '856365', '853172', '854556', '855206', '852979', '853707', '853559']",GO:0016491,3,0.002938415
98,"['PGC1', 'YLR179C', 'YDC1', 'PBI2', 'PGM3', 'OPI3', 'YOR289W', 'TFS1', 'CTT1', 'YFR045W', 'HSP31', 'STF2', 'SOL4', 'YJR096W', 'HXK1', 'GND2', 'YOR292C', 'BDH1', 'MCR1', 'VPS73', 'GTO3', 'GAD1', 'ALD4', 'LSP1', 'FKH1', 'MRP8', 'YMR196W', 'GRE3', 'UBP15', 'YPR172W', 'MSC1', 'YKL091C', 'TMA10', 'YHR140W', 'GCY1', 'HSP12', 'DCS2', 'FAA1', 'PNC1', 'FMP33', 'ALD2', 'GLO1', 'YGR149W', 'PGM2', 'AIM17']","['852146', '854495', '853172', '854556', '855009', '850614', '855206']",GO:0032787,7,0.003761217
99,"['PGC1', 'YLR179C', 'YDC1', 'PBI2', 'PGM3', 'OPI3', 'YOR289W', 'TFS1', 'CTT1', 'YFR045W', 'HSP31', 'STF2', 'SOL4', 'YJR096W', 'HXK1', 'GND2', 'YOR292C', 'BDH1', 'MCR1', 'VPS73', 'GTO3', 'GAD1', 'ALD4', 'LSP1', 'FKH1', 'MRP8', 'YMR196W', 'GRE3', 'UBP15', 'YPR172W', 'MSC1', 'YKL091C', 'TMA10', 'YHR140W', 'GCY1', 'HSP12', 'DCS2', 'FAA1', 'PNC1', 'FMP33', 'ALD2', 'GLO1', 'YGR149W', 'PGM2', 'AIM17']","['855236', '856504', '854287', '853163', '855131', '853172', '850614', '853559']",GO:0005975,4,0.008709395
100,"['PGC1', 'YLR179C', 'YDC1', 'PBI2', 'PGM3', 'OPI3', 'YOR289W', 'TFS1', 'CTT1', 'YFR045W', 'HSP31', 'STF2', 'SOL4', 'YJR096W', 'HXK1', 'GND2', 'YOR292C', 'BDH1', 'MCR1', 'VPS73', 'GTO3', 'GAD1', 'ALD4', 'LSP1', 'FKH1', 'MRP8', 'YMR196W', 'GRE3', 'UBP15', 'YPR172W', 'MSC1', 'YKL091C', 'TMA10', 'YHR140W', 'GCY1', 'HSP12', 'DCS2', 'FAA1', 'PNC1', 'FMP33', 'ALD2', 'GLO1', 'YGR149W', 'PGM2', 'AIM17']","['852146', '854287', '856504', '855291', '854675', '850532', '852979', '853707', '853559', '852891']",GO:0042221,3,0.036157331
101,"['PGC1', 'YLR179C', 'YDC1', 'PBI2', 'PGM3', 'OPI3', 'YOR289W', 'TFS1', 'CTT1', 'YFR045W', 'HSP31', 'STF2', 'SOL4', 'YJR096W', 'HXK1', 'GND2', 'YOR292C', 'BDH1', 'MCR1', 'VPS73', 'GTO3', 'GAD1', 'ALD4', 'LSP1', 'FKH1', 'MRP8', 'YMR196W', 'GRE3', 'UBP15', 'YPR172W', 'MSC1', 'YKL091C', 'TMA10', 'YHR140W', 'GCY1', 'HSP12', 'DCS2', 'FAA1', 'PNC1', 'FMP33', 'ALD2', 'GLO1', 'YGR149W', 'PGM2', 'AIM17']","['854495', '855131', '853172', '854556', '850614', '852846', '853163']",GO:0055086,4,0.036157331
102,"['PGC1', 'YLR179C', 'YDC1', 'PBI2', 'PGM3', 'OPI3', 'YOR289W', 'TFS1', 'CTT1', 'YFR045W', 'HSP31', 'STF2', 'SOL4', 'YJR096W', 'HXK1', 'GND2', 'YOR292C', 'BDH1', 'MCR1', 'VPS73', 'GTO3', 'GAD1', 'ALD4', 'LSP1', 'FKH1', 'MRP8', 'YMR196W', 'GRE3', 'UBP15', 'YPR172W', 'MSC1', 'YKL091C', 'TMA10', 'YHR140W', 'GCY1', 'HSP12', 'DCS2', 'FAA1', 'PNC1', 'FMP33', 'ALD2', 'GLO1', 'YGR149W', 'PGM2', 'AIM17']","['856504', '850876', '856103', '855206', '851239', '852891', '856018', '854287', '856302', '854344', '856365', '855131', '855717', '853172', '855292', '850606', '851037', '853715', '853279', '854467', '854911', '854556', '850875', '854675', '850532', '850614', '852846', '853163', '853536', '856543', '852146', '852774', '852979', '853707', '855350', '855895']",GO:0005737,4,0.089534821
103,"['TPO2', 'TPO3']","['853039', '856279']",GO:0005773,5,0.011435812
104,"['TPO2', 'TPO3']","['853039', '856279']",GO:0022857,3,0.011435812
105,"['TPO2', 'TPO3']","['853039', '856279']",GO:0006811,5,0.011435812
106,"['TPO2', 'TPO3']","['853039', '856279']",GO:0005886,3,0.011435812
107,"['TPO2', 'TPO3']","['853039', '856279']",GO:0055085,5,0.011435812
108,"['TPO2', 'TPO3']","['853039', '856279']",GO:0042221,3,0.012262768
109,"['PFK2', 'MSB2', 'SVS1', 'SIM1', 'CIS3', 'CRH1', 'ALG8', 'UTH1', 'AVT4', 'SRL1']","['853916', '853282', '852897', '854683', '854421', '853102']",GO:0005576,2,1.05E-07
110,"['PFK2', 'MSB2', 'SVS1', 'SIM1', 'CIS3', 'CRH1', 'ALG8', 'UTH1', 'AVT4', 'SRL1']","['853916', '853282', '854683', '854421', '853102', '855940']",GO:0005618,4,1.05E-07
111,"['PFK2', 'MSB2', 'SVS1', 'SIM1', 'CIS3', 'CRH1', 'ALG8', 'UTH1', 'AVT4', 'SRL1']","['853916', '853282', '854683', '854421', '853102']",GO:0071554,3,0.000279552
112,"['PFK2', 'MSB2', 'SVS1', 'SIM1', 'CIS3', 'CRH1', 'ALG8', 'UTH1', 'AVT4', 'SRL1']","['854683', '853916', '853102']",GO:0016798,4,0.001033525
113,"['PFK2', 'MSB2', 'SVS1', 'SIM1', 'CIS3', 'CRH1', 'ALG8', 'UTH1', 'AVT4', 'SRL1']","['854683', '853916', '853102', '855245']",GO:0005975,4,0.004791238
114,"['PFK2', 'MSB2', 'SVS1', 'SIM1', 'CIS3', 'CRH1', 'ALG8', 'UTH1', 'AVT4', 'SRL1']","['853282', '854421', '852897']",GO:0030427,3,0.026995219
115,"['PFK2', 'MSB2', 'SVS1', 'SIM1', 'CIS3', 'CRH1', 'ALG8', 'UTH1', 'AVT4', 'SRL1']","['853102', '854233']",GO:0016757,4,0.069352959
116,"['TDH3', 'YMD8', 'TDH2', 'ENO1', 'ADH1', 'MPD2']","['854068', '853169', '853465', '853106']",GO:0032787,7,0.00025336
117,"['TDH3', 'YMD8', 'TDH2', 'ENO1', 'ADH1', 'MPD2']","['854068', '853169', '853465', '853106']",GO:0006091,4,0.000282327
118,"['TDH3', 'YMD8', 'TDH2', 'ENO1', 'ADH1', 'MPD2']","['854068', '853169', '853465', '853106']",GO:0051186,4,0.000340656
119,"['TDH3', 'YMD8', 'TDH2', 'ENO1', 'ADH1', 'MPD2']","['854068', '853169', '853465', '853106']",GO:0005975,4,0.000340656
120,"['TDH3', 'YMD8', 'TDH2', 'ENO1', 'ADH1', 'MPD2']","['854068', '853169', '853465', '853106']",GO:0055086,4,0.000340656
121,"['TDH3', 'YMD8', 'TDH2', 'ENO1', 'ADH1', 'MPD2']","['854068', '854065', '853465', '853106']",GO:0016491,3,0.0006389
122,"['TDH3', 'YMD8', 'TDH2', 'ENO1', 'ADH1', 'MPD2']","['853465', '853106']",GO:0005618,4,0.020101285
123,"['UGA3', 'HAP2', 'PIG2', 'GIS1', 'STD1', 'MNN5', 'UIP4', 'XBP1', 'USV1', 'MHP1', 'GAT2', 'MBR1', 'NVJ1', 'GRX8', 'TGL4', 'BER1', 'ATH1', 'HUT1', 'SVF1', 'AIM18', 'INM1', 'BRE5']","['851384', '854706', '855167', '852614', '851670']",GO:0003700,3,0.024691905
124,"['UGA3', 'HAP2', 'PIG2', 'GIS1', 'STD1', 'MNN5', 'UIP4', 'XBP1', 'USV1', 'MHP1', 'GAT2', 'MBR1', 'NVJ1', 'GRX8', 'TGL4', 'BER1', 'ATH1', 'HUT1', 'SVF1', 'AIM18', 'INM1', 'BRE5']","['851384', '854706', '855167', '855871', '854212', '852614', '851670']",GO:0006366,7,0.028619818
125,"['UGA3', 'HAP2', 'PIG2', 'GIS1', 'STD1', 'MNN5', 'UIP4', 'XBP1', 'USV1', 'MHP1', 'GAT2', 'MBR1', 'NVJ1', 'GRX8', 'TGL4', 'BER1', 'ATH1', 'HUT1', 'SVF1', 'AIM18', 'INM1', 'BRE5']","['851947', '851384', '854706', '855871', '856137', '852614', '851079']",GO:0042221,3,0.028619818
126,"['UGA3', 'HAP2', 'PIG2', 'GIS1', 'STD1', 'MNN5', 'UIP4', 'XBP1', 'USV1', 'MHP1', 'GAT2', 'MBR1', 'NVJ1', 'GRX8', 'TGL4', 'BER1', 'ATH1', 'HUT1', 'SVF1', 'AIM18', 'INM1', 'BRE5']","['853769', '852614', '851079', '854766']",GO:0006091,4,0.08234581
127,"['YJR098C', 'AIM45', 'OSM1', 'YUR1', 'VPS21']","['856112', '853561', '854256', '853510']",GO:0005739,5,0.057371191
128,"['UBC5', 'IRC24', 'VPS62', 'UBP1', 'GTT1', 'HYR1', 'WSC4', 'YPL199C', 'COX10', 'BUB2', 'ECM4', 'RDL1', 'MMS2']","['854854', '853951', '854856', '854855']",GO:0016491,3,0.088949994
129,"['UBC5', 'IRC24', 'VPS62', 'UBP1', 'GTT1', 'HYR1', 'WSC4', 'YPL199C', 'COX10', 'BUB2', 'ECM4', 'RDL1', 'MMS2']","['854459', '854856', '851631', '853951', '855931', '852793']",GO:0016740,3,0.088949994
130,"['UBC5', 'IRC24', 'VPS62', 'UBP1', 'GTT1', 'HYR1', 'WSC4', 'YPL199C', 'COX10', 'BUB2', 'ECM4', 'RDL1', 'MMS2']","['851631', '852793', '851435']",GO:0070647,7,0.088949994
131,"['UBC5', 'IRC24', 'VPS62', 'UBP1', 'GTT1', 'HYR1', 'WSC4', 'YPL199C', 'COX10', 'BUB2', 'ECM4', 'RDL1', 'MMS2']","['851631', '856357']",GO:0009408,4,0.088949994
132,"['UBC5', 'IRC24', 'VPS62', 'UBP1', 'GTT1', 'HYR1', 'WSC4', 'YPL199C', 'COX10', 'BUB2', 'ECM4', 'RDL1', 'MMS2']","['853951', '854856', '855931']",GO:0051186,4,0.094490206
133,"['RGD2', 'BEM3', 'FKS3', 'GDH1', 'BUD2', 'OCA2', 'TRK2']","['853770', '855988', '850497']",GO:0030234,3,0.05318775
134,"['RGD2', 'BEM3', 'FKS3', 'GDH1', 'BUD2', 'OCA2', 'TRK2']","['853770', '855988', '850497']",GO:0023052,2,0.05318775
135,"['ASM4', 'YIR007W', 'YGR017W', 'TCO89', 'DLD2', 'COT1', 'SCW4']","['855922', '853196', '854494']",GO:0005773,5,0.0847689
136,"['ATG3', 'ARG80', 'YOR052C', 'YJL144W', 'MGT1', 'YLR257W', 'RTS3', 'LEU3', 'NRG1', 'CUP2', 'YHR138C', 'RCN2', 'YOL159C', 'YMR209C', 'YHM2', 'GPG1', 'CRG1', 'GYP7', 'SNA3', 'RRD2', 'YET1', 'YDR391C', 'YJL016W', 'YNL092W', 'LEU9']","['856616', '855249', '855632', '851327']",GO:0008168,5,0.027486852
137,"['ATG3', 'ARG80', 'YOR052C', 'YJL144W', 'MGT1', 'YLR257W', 'RTS3', 'LEU3', 'NRG1', 'CUP2', 'YHR138C', 'RCN2', 'YOL159C', 'YMR209C', 'YHM2', 'GPG1', 'CRG1', 'GYP7', 'SNA3', 'RRD2', 'YET1', 'YDR391C', 'YJL016W', 'YNL092W', 'LEU9']","['856540', '855741', '851364']",GO:0007033,5,0.099496763
138,"['ATG3', 'ARG80', 'YOR052C', 'YJL144W', 'MGT1', 'YLR257W', 'RTS3', 'LEU3', 'NRG1', 'CUP2', 'YHR138C', 'RCN2', 'YOL159C', 'YMR209C', 'YHM2', 'GPG1', 'CRG1', 'GYP7', 'SNA3', 'RRD2', 'YET1', 'YDR391C', 'YJL016W', 'YNL092W', 'LEU9']","['851172', '855059', '852710', '851613']",GO:0003700,3,0.099496763
139,"['BIO4', 'BIO3', 'RAD57', 'SSO1', 'DOT1', 'UPS1']","['855795', '855794']",GO:0006766,4,0.044334886
140,"['BIO4', 'BIO3', 'RAD57', 'SSO1', 'DOT1', 'UPS1']","['851567', '852050', '855844']",GO:0051321,3,0.044334886
141,"['BIO4', 'BIO3', 'RAD57', 'SSO1', 'DOT1', 'UPS1']","['850890', '855844']",GO:0008289,3,0.079662159
142,"['ISR1', 'YPL150W']","['855953', '856221']",GO:0016301,5,0.005429609
143,"['ISR1', 'YPL150W']","['855953', '856221']",GO:0006468,7,0.005429609
144,"['ISR1', 'YPL150W']","['855953', '856221']",GO:0016740,3,0.053629564
145,"['LOS1', 'KTI12', 'CGR1', 'ATC1', 'BUD21', 'PUS7', 'YNL022C', 'XKS1', 'MRT4', 'AIR1', 'DPB4', 'SAP185', 'YGR283C', 'SOL1', 'RPA34', 'SRP40', 'NOP12', 'PUF6', 'YPR127W', 'CAR2', 'REX4', 'YJR003C', 'EMI2', 'COG5', 'YGL010W', 'MUB1', 'TRM10', 'TMA16', 'NUC1', 'ASI2', 'YOL092W', 'PPH3', 'RSA3', 'HGH1', 'YJL068C']","['853860', '852107', '854245', '854116', '850918', '852854', '853967', '853200', '854731', '853293']",GO:0005730,5,0.000158785
146,"['LOS1', 'KTI12', 'CGR1', 'ATC1', 'BUD21', 'PUS7', 'YNL022C', 'XKS1', 'MRT4', 'AIR1', 'DPB4', 'SAP185', 'YGR283C', 'SOL1', 'RPA34', 'SRP40', 'NOP12', 'PUF6', 'YPR127W', 'CAR2', 'REX4', 'YJR003C', 'EMI2', 'COG5', 'YGL010W', 'MUB1', 'TRM10', 'TMA16', 'NUC1', 'ASI2', 'YOL092W', 'PPH3', 'RSA3', 'HGH1', 'YJL068C']","['852107', '850918', '854060', '852854', '856245', '853293', '855769', '851699', '853200', '851647', '853860', '853750', '854417', '854075', '853967', '855563', '854245', '853630', '854116', '854731', '854426', '851765', '853222']",GO:0005634,5,0.002117638
147,"['LOS1', 'KTI12', 'CGR1', 'ATC1', 'BUD21', 'PUS7', 'YNL022C', 'XKS1', 'MRT4', 'AIR1', 'DPB4', 'SAP185', 'YGR283C', 'SOL1', 'RPA34', 'SRP40', 'NOP12', 'PUF6', 'YPR127W', 'CAR2', 'REX4', 'YJR003C', 'EMI2', 'COG5', 'YGL010W', 'MUB1', 'TRM10', 'TMA16', 'NUC1', 'ASI2', 'YOL092W', 'PPH3', 'RSA3', 'HGH1', 'YJL068C']","['853860', '852107', '854116', '850918', '854075']",GO:0042273,5,0.006892833
148,"['LOS1', 'KTI12', 'CGR1', 'ATC1', 'BUD21', 'PUS7', 'YNL022C', 'XKS1', 'MRT4', 'AIR1', 'DPB4', 'SAP185', 'YGR283C', 'SOL1', 'RPA34', 'SRP40', 'NOP12', 'PUF6', 'YPR127W', 'CAR2', 'REX4', 'YJR003C', 'EMI2', 'COG5', 'YGL010W', 'MUB1', 'TRM10', 'TMA16', 'NUC1', 'ASI2', 'YOL092W', 'PPH3', 'RSA3', 'HGH1', 'YJL068C']","['853750', '854417', '854060', '853347', '853630']",GO:0008033,8,0.01141618
149,"['LOS1', 'KTI12', 'CGR1', 'ATC1', 'BUD21', 'PUS7', 'YNL022C', 'XKS1', 'MRT4', 'AIR1', 'DPB4', 'SAP185', 'YGR283C', 'SOL1', 'RPA34', 'SRP40', 'NOP12', 'PUF6', 'YPR127W', 'CAR2', 'REX4', 'YJR003C', 'EMI2', 'COG5', 'YGL010W', 'MUB1', 'TRM10', 'TMA16', 'NUC1', 'ASI2', 'YOL092W', 'PPH3', 'RSA3', 'HGH1', 'YJL068C']","['853750', '854060', '854417', '853347']",GO:0009451,6,0.040187604
150,"['LOS1', 'KTI12', 'CGR1', 'ATC1', 'BUD21', 'PUS7', 'YNL022C', 'XKS1', 'MRT4', 'AIR1', 'DPB4', 'SAP185', 'YGR283C', 'SOL1', 'RPA34', 'SRP40', 'NOP12', 'PUF6', 'YPR127W', 'CAR2', 'REX4', 'YJR003C', 'EMI2', 'COG5', 'YGL010W', 'MUB1', 'TRM10', 'TMA16', 'NUC1', 'ASI2', 'YOL092W', 'PPH3', 'RSA3', 'HGH1', 'YJL068C']","['853860', '854417', '854116', '854075', '852854', '854245']",GO:0006364,6,0.040816978
151,"['LOS1', 'KTI12', 'CGR1', 'ATC1', 'BUD21', 'PUS7', 'YNL022C', 'XKS1', 'MRT4', 'AIR1', 'DPB4', 'SAP185', 'YGR283C', 'SOL1', 'RPA34', 'SRP40', 'NOP12', 'PUF6', 'YPR127W', 'CAR2', 'REX4', 'YJR003C', 'EMI2', 'COG5', 'YGL010W', 'MUB1', 'TRM10', 'TMA16', 'NUC1', 'ASI2', 'YOL092W', 'PPH3', 'RSA3', 'HGH1', 'YJL068C']","['850918', '853860', '854075']",GO:0042255,6,0.052899167
152,"['MTO1', 'CLN2', 'GIC1', 'CSI2', 'CLN1', 'PTM1', 'YOX1']","['855819', '856458', '854981', '855239']",GO:0000278,4,0.009171243
153,"['MTO1', 'CLN2', 'GIC1', 'CSI2', 'CLN1', 'PTM1', 'YOX1']","['855819', '856458', '855239']",GO:0030234,3,0.024942995
154,"['MTO1', 'CLN2', 'GIC1', 'CSI2', 'CLN1', 'PTM1', 'YOX1']","['855819', '856458', '855239']",GO:0051726,4,0.024942995
155,"['ECM14', 'THI21', 'ATR1', 'CIK1', 'AGC1', 'KAR3']","['855238', '856263']",GO:0006997,5,0.03033095
156,"['ECM14', 'THI21', 'ATR1', 'CIK1', 'AGC1', 'KAR3']","['855238', '856263']",GO:0005815,5,0.03033095
157,"['ECM14', 'THI21', 'ATR1', 'CIK1', 'AGC1', 'KAR3']","['855238', '856263']",GO:0008092,4,0.03033095
158,"['ECM14', 'THI21', 'ATR1', 'CIK1', 'AGC1', 'KAR3']","['855238', '856263']",GO:0048284,5,0.03033095
159,"['ECM14', 'THI21', 'ATR1', 'CIK1', 'AGC1', 'KAR3']","['855238', '856263']",GO:0000746,4,0.038929935
160,"['ECM14', 'THI21', 'ATR1', 'CIK1', 'AGC1', 'KAR3']","['855238', '856263', '855870', '856533']",GO:0016787,3,0.047246195
161,"['ECM14', 'THI21', 'ATR1', 'CIK1', 'AGC1', 'KAR3']","['855238', '856263']",GO:0007059,3,0.074388859
162,"['ECM14', 'THI21', 'ATR1', 'CIK1', 'AGC1', 'KAR3']","['855238', '856263']",GO:0005856,5,0.074388859
163,"['ECM14', 'THI21', 'ATR1', 'CIK1', 'AGC1', 'KAR3']","['855238', '856263']",GO:0048285,5,0.074388859
164,"['ECM14', 'THI21', 'ATR1', 'CIK1', 'AGC1', 'KAR3']","['855238', '856263']",GO:0007010,5,0.074388859
165,"['ECM14', 'THI21', 'ATR1', 'CIK1', 'AGC1', 'KAR3']","['855238', '856263']",GO:0051726,4,0.074388859
166,"['ECM14', 'THI21', 'ATR1', 'CIK1', 'AGC1', 'KAR3']","['856533', '854924']",GO:0005773,5,0.074388859
167,"['ECM14', 'THI21', 'ATR1', 'CIK1', 'AGC1', 'KAR3']","['855238', '856263']",GO:0016887,8,0.074388859
168,"['ECM14', 'THI21', 'ATR1', 'CIK1', 'AGC1', 'KAR3']","['855238', '856263']",GO:0051321,3,0.076186525
169,"['ECM14', 'THI21', 'ATR1', 'CIK1', 'AGC1', 'KAR3']","['855238', '856263']",GO:0033043,5,0.076186525
170,"['ECM14', 'THI21', 'ATR1', 'CIK1', 'AGC1', 'KAR3']","['855238', '856263']",GO:0000278,4,0.086474202
171,"['ECM14', 'THI21', 'ATR1', 'CIK1', 'AGC1', 'KAR3']","['856132', '854924']",GO:0022857,3,0.087735794
172,"['ECM14', 'THI21', 'ATR1', 'CIK1', 'AGC1', 'KAR3']","['856132', '854924']",GO:0006811,5,0.093567485
173,"['ECM14', 'THI21', 'ATR1', 'CIK1', 'AGC1', 'KAR3']",['855870'],GO:0006766,4,0.094858422
174,"['ECM14', 'THI21', 'ATR1', 'CIK1', 'AGC1', 'KAR3']",['856132'],GO:0006865,6,0.094858422
175,"['SER1', 'TRP3', 'ARO3', 'ASN1', 'YLR211C', 'ARO8', 'TRX2', 'ADH6', 'CLN3', 'ASN2', 'PIB1']","['853025', '856268', '853669', '852672', '851605', '854356']",GO:0006520,4,4.23E-05
176,"['SER1', 'TRP3', 'ARO3', 'ASN1', 'YLR211C', 'ARO8', 'TRX2', 'ADH6', 'CLN3', 'ASN2', 'PIB1']","['851191', '853123']",GO:0061025,5,0.088554095
177,"['SER1', 'TRP3', 'ARO3', 'ASN1', 'YLR211C', 'ARO8', 'TRX2', 'ADH6', 'CLN3', 'ASN2', 'PIB1']","['851191', '853123']",GO:0007033,5,0.088554095
178,"['SER1', 'TRP3', 'ARO3', 'ASN1', 'YLR211C', 'ARO8', 'TRX2', 'ADH6', 'CLN3', 'ASN2', 'PIB1']","['851191', '853123']",GO:0048284,5,0.088554095
179,"['SER1', 'TRP3', 'ARO3', 'ASN1', 'YLR211C', 'ARO8', 'TRX2', 'ADH6', 'CLN3', 'ASN2', 'PIB1']","['853025', '856268']",GO:0016874,3,0.088554095
180,"['SIS2', 'AIM39', 'TES1', 'OM45', 'FMP46', 'MPM1', 'MDH1', 'GPX1', 'NDI1', 'YHR033W', 'ECM7', 'SIP2', 'THI22', 'YNL115C', 'YGR130C']","['854919', '853379', '854103', '854670', '853842']",GO:0005740,5,0.05841208
181,"['SIS2', 'AIM39', 'TES1', 'OM45', 'FMP46', 'MPM1', 'MDH1', 'GPX1', 'NDI1', 'YHR033W', 'ECM7', 'SIP2', 'THI22', 'YNL115C', 'YGR130C']","['854919', '853379', '854103', '854670', '853842', '853777', '853923']",GO:0005739,5,0.05841208
182,"['QCR6', 'CYT1', 'BEM4', 'ACN9', 'APN1', 'MIR1', 'NAP1', 'COX8', 'ATP20', 'QCR9', 'QCR2', 'YGL039W']","['853095', '850593', '851111', '854231', '856321']",GO:0045333,5,2.77E-05
183,"['QCR6', 'CYT1', 'BEM4', 'ACN9', 'APN1', 'MIR1', 'NAP1', 'COX8', 'ATP20', 'QCR9', 'QCR2', 'YGL039W']","['853095', '856131', '850593', '853540', '851111', '854231', '856321']",GO:0005740,5,4.80E-05
184,"['QCR6', 'CYT1', 'BEM4', 'ACN9', 'APN1', 'MIR1', 'NAP1', 'COX8', 'ATP20', 'QCR9', 'QCR2', 'YGL039W']","['853095', '856131', '850593', '851111', '854231', '856321']",GO:0055086,4,6.33E-05
185,"['QCR6', 'CYT1', 'BEM4', 'ACN9', 'APN1', 'MIR1', 'NAP1', 'COX8', 'ATP20', 'QCR9', 'QCR2', 'YGL039W']","['853095', '850593', '851111', '854231', '856321', '852844']",GO:0016491,3,0.000155715
186,"['QCR6', 'CYT1', 'BEM4', 'ACN9', 'APN1', 'MIR1', 'NAP1', 'COX8', 'ATP20', 'QCR9', 'QCR2', 'YGL039W']","['853095', '850593', '851111', '854231', '856321']",GO:0006091,4,0.000190322
187,"['QCR6', 'CYT1', 'BEM4', 'ACN9', 'APN1', 'MIR1', 'NAP1', 'COX8', 'ATP20', 'QCR9', 'QCR2', 'YGL039W']","['853095', '856131', '850593', '853540', '851111', '853746', '854231', '856321']",GO:0005739,5,0.000299641
188,"['CWH41', 'NCA3', 'YPL257W', 'PKH1', 'YSP1', 'KTR5']","['852857', '855703']",GO:0006486,5,0.057060646
189,"['NDL1', 'PRY2', 'SCW10', 'DYN1', 'BIO2', 'GIC2']","['851904', '850956', '853928']",GO:0005856,5,0.038667928
190,"['NDL1', 'PRY2', 'SCW10', 'DYN1', 'BIO2', 'GIC2']","['853882', '855352']",GO:0005576,2,0.071097951
191,"['NDL1', 'PRY2', 'SCW10', 'DYN1', 'BIO2', 'GIC2']","['853882', '851904']",GO:0008289,3,0.072420145
192,"['NDL1', 'PRY2', 'SCW10', 'DYN1', 'BIO2', 'GIC2']","['851904', '853928']",GO:0005938,4,0.09712768
193,"['MSA1', 'ECM5', 'RAV1', 'OCA1']","['855624', '855214']",GO:0006979,4,0.03219397
194,"['HHF2', 'HHT2', 'GRH1', 'AIM34', 'YHP1']","['855700', '852062', '855701']",GO:0005694,5,0.056213604
195,"['HHF2', 'HHT2', 'GRH1', 'AIM34', 'YHP1']","['855700', '852062', '855701']",GO:0003677,5,0.056213604
196,"['HHF2', 'HHT2', 'GRH1', 'AIM34', 'YHP1']","['855700', '855701']",GO:0043934,3,0.056213604
197,"['ASF1', 'YPL107W', 'RAD33', 'SSO2', 'YPR109W', 'IAH1', 'NTO1', 'ADD66']","['853327', '856143']",GO:0042393,4,0.040654154
198,"['ASF1', 'YPL107W', 'RAD33', 'SSO2', 'YPR109W', 'IAH1', 'NTO1', 'ADD66']","['853327', '856143']",GO:0043543,7,0.057476303
199,"['DSS4', 'YEL1', 'YDR210W', 'YHR162W', 'HPF1', 'AIM13', 'ALY2', 'YKR018C']","['856128', '852219', '853361']",GO:0019899,4,0.018672029
200,"['DSS4', 'YEL1', 'YDR210W', 'YHR162W', 'HPF1', 'AIM13', 'ALY2', 'YKR018C']","['852219', '856128']",GO:0005085,3,0.02309124
201,"['BBC1', 'LAS21', 'ECM30', 'GIP3', 'PIG1']","['850979', '855967']",GO:0006470,7,0.048688786
202,"['BBC1', 'LAS21', 'ECM30', 'GIP3', 'PIG1']","['850979', '855967']",GO:0031399,6,0.094573626
203,"['GCV2', 'ADE1', 'ADE5,7', 'ADE4', 'GCV1', 'MTD1', 'SNU66', 'ADE2', 'FKH2']","['853955', '855346', '851272', '854295']",GO:0055086,4,0.020101738
204,"['GCV2', 'ADE1', 'ADE5,7', 'ADE4', 'GCV1', 'MTD1', 'SNU66', 'ADE2', 'FKH2']","['851582', '855346', '855227']",GO:0006520,4,0.093826679
205,"['ECM3', 'DPP1', 'UPC2', 'HST1', 'ARL3']","['851878', '854259', '854086', '856056']",GO:0016787,3,0.093722379
206,"['EXG1', 'EXO1', 'ERG5', 'NST1', 'CYB5', 'ERG2']","['855242', '855029', '855612']",GO:0006629,4,0.072602192
207,"['STE24', 'SSA1', 'STI1', 'CPR6', 'SGT2', 'HSP82', 'YDJ1', 'HSC82', 'SSE1']","['850914', '851259', '855836', '855224', '855998', '854192', '855661']",GO:0006457,3,5.72E-10
208,"['STE24', 'SSA1', 'STI1', 'CPR6', 'SGT2', 'HSP82', 'YDJ1', 'HSC82', 'SSE1']","['850914', '851259', '855836', '855224', '855661']",GO:0051082,4,7.99E-07
209,"['STE24', 'SSA1', 'STI1', 'CPR6', 'SGT2', 'HSP82', 'YDJ1', 'HSC82', 'SSE1']","['854168', '851259', '855836', '854192', '855661']",GO:0006605,6,2.99E-05
210,"['STE24', 'SSA1', 'STI1', 'CPR6', 'SGT2', 'HSP82', 'YDJ1', 'HSC82', 'SSE1']","['855224', '855661', '854168']",GO:0009408,4,0.001292824
211,"['STE24', 'SSA1', 'STI1', 'CPR6', 'SGT2', 'HSP82', 'YDJ1', 'HSC82', 'SSE1']","['851259', '855836', '854192', '855661']",GO:0007005,5,0.002441645
212,"['STE24', 'SSA1', 'STI1', 'CPR6', 'SGT2', 'HSP82', 'YDJ1', 'HSC82', 'SSE1']","['855998', '854192', '855661']",GO:0030234,3,0.026543925
213,"['STE24', 'SSA1', 'STI1', 'CPR6', 'SGT2', 'HSP82', 'YDJ1', 'HSC82', 'SSE1']","['855836', '853581']",GO:0051604,5,0.026543925
214,"['STE24', 'SSA1', 'STI1', 'CPR6', 'SGT2', 'HSP82', 'YDJ1', 'HSC82', 'SSE1']","['855836', '855224']",GO:0032200,6,0.026543925
215,"['STE24', 'SSA1', 'STI1', 'CPR6', 'SGT2', 'HSP82', 'YDJ1', 'HSC82', 'SSE1']","['851259', '855836', '855224']",GO:0016887,8,0.026543925
216,"['STE24', 'SSA1', 'STI1', 'CPR6', 'SGT2', 'HSP82', 'YDJ1', 'HSC82', 'SSE1']","['851259', '855836', '855224', '853581', '855998', '855661']",GO:0043167,3,0.038643569
217,"['STE24', 'SSA1', 'STI1', 'CPR6', 'SGT2', 'HSP82', 'YDJ1', 'HSC82', 'SSE1']","['850914', '854168', '851259', '855836', '855224', '853581', '855998', '854192', '855661']",GO:0005737,4,0.051762676
218,"['STE24', 'SSA1', 'STI1', 'CPR6', 'SGT2', 'HSP82', 'YDJ1', 'HSC82', 'SSE1']","['851259', '855661']",GO:0051169,5,0.084011838
219,"['HRB1', 'CEX1', 'IRC21']","['854279', '855728']",GO:0051169,5,0.020807667
220,"['HRB1', 'CEX1', 'IRC21']","['854279', '855728']",GO:0015931,6,0.020807667
221,"['ARO10', 'ANT1', 'ARO9', 'HAP4', 'YGR250C', 'NRM1', 'AAT1']","['856539', '851987', '853755']",GO:0006520,4,0.033756662
222,"['ARO10', 'ANT1', 'ARO9', 'HAP4', 'YGR250C', 'NRM1', 'AAT1']","['853751', '855743']",GO:0008134,4,0.033756662
223,"['ALB1', 'OTU1', 'ELP2', 'DPH2', 'ELP3', 'ATG13', 'YJL132W', 'LIA1', 'RMT2', 'DPH1', 'FMS1', 'ATG19', 'YMR310C', 'ECM1', 'UBX5', 'DPH5', 'PRS5', 'YPS6', 'LHP1', 'SMM1', 'BDH2', 'CUP9', 'URA10', 'YIL096C', 'NRP1', 'YOR342C', 'YJR124C', 'SEE1', 'YNL024C', 'YKU70', 'RTT101', 'YAP1801', 'PPT1', 'RBG1', 'URA1', 'DUS3', 'ARX1', 'YMR160W', 'MET28', 'YMR262W', 'AIM19', 'DEG1', 'HSV2', 'ERJ5', 'YML018C', 'ECM38', 'YIR014W', 'TYW1', 'DUS4']","['853114', '851121', '850550', '855749', '851117', '856019', '855894', '851509']",GO:0008033,8,0.000489041
224,"['ALB1', 'OTU1', 'ELP2', 'DPH2', 'ELP3', 'ATG13', 'YJL132W', 'LIA1', 'RMT2', 'DPH1', 'FMS1', 'ATG19', 'YMR310C', 'ECM1', 'UBX5', 'DPH5', 'PRS5', 'YPS6', 'LHP1', 'SMM1', 'BDH2', 'CUP9', 'URA10', 'YIL096C', 'NRP1', 'YOR342C', 'YJR124C', 'SEE1', 'YNL024C', 'YKU70', 'RTT101', 'YAP1801', 'PPT1', 'RBG1', 'URA1', 'DUS3', 'ARX1', 'YMR160W', 'MET28', 'YMR262W', 'AIM19', 'DEG1', 'HSV2', 'ERJ5', 'YML018C', 'ECM38', 'YIR014W', 'TYW1', 'DUS4']","['853114', '851121', '850550', '855749', '851117', '856019', '855894']",GO:0009451,6,0.000774626
225,"['YFR018C', 'PGM1', 'HXK2']","['852639', '853732']",GO:0006091,4,0.033091897
226,"['YFR018C', 'PGM1', 'HXK2']","['852639', '853732']",GO:0005975,4,0.033091897
227,"['YFR018C', 'PGM1', 'HXK2']","['852639', '853732']",GO:0055086,4,0.033091897
228,"['YFR018C', 'PGM1', 'HXK2']",['853732'],GO:0009311,5,0.07249899
229,"['YFR018C', 'PGM1', 'HXK2']",['852639'],GO:0008643,6,0.078319784
230,"['YDR132C', 'SIW14', 'YOR283W', 'TRS33', 'NRK1']","['855699', '854457']",GO:0016791,6,0.053741121
231,"['YDR286C', 'PUS1', 'TMA22', 'YPR003C', 'TMA19', 'NUP2', 'RBG2', 'RMD5', 'YOR352W', 'THI6', 'KEL3', 'YPL245W', 'FPR4', 'OSW5', 'FPR3', 'YRR1', 'ERF2', 'TMA46', 'NCA2']","['855889', '851170', '854901']",GO:0016853,3,0.075768372
232,"['CRZ1', 'STV1', 'SUT1']","['852714', '855704']",GO:0051049,4,0.016634116
233,"['CRZ1', 'STV1', 'SUT1']","['855076', '855704']",GO:0006873,5,0.019497591
234,"['CRZ1', 'STV1', 'SUT1']","['852714', '855704']",GO:0003700,3,0.025933
235,"['CRZ1', 'STV1', 'SUT1']","['855076', '855704']",GO:0006811,5,0.077028105
236,"['CRZ1', 'STV1', 'SUT1']","['852714', '855704']",GO:0006366,7,0.094861318
237,"['CRZ1', 'STV1', 'SUT1']","['852714', '855704']",GO:0042221,3,0.094861318
238,"['RSC2', 'MSS1', 'ATG21', 'NHP6A']","['851071', '856165']",GO:0006354,7,0.035755888
239,"['RSC2', 'MSS1', 'ATG21', 'NHP6A']","['851071', '856165']",GO:0003682,3,0.035755888
240,"['TPO5', 'GSH2', 'YPK9', 'ENT3', 'AIM24', 'BCH1', 'HSE1']","['855277', '853680', '853589']",GO:0005794,4,0.037355758
241,"['TPO5', 'GSH2', 'YPK9', 'ENT3', 'AIM24', 'BCH1', 'HSE1']","['853589', '855277', '856387']",GO:0031410,5,0.037355758
242,"['TPO5', 'GSH2', 'YPK9', 'ENT3', 'AIM24', 'BCH1', 'HSE1']","['856387', '855277', '853543', '853589', '853680', '854466']",GO:0016020,2,0.052776614
243,"['TPO5', 'GSH2', 'YPK9', 'ENT3', 'AIM24', 'BCH1', 'HSE1']","['854466', '853680', '856387']",GO:0006811,5,0.052776614
244,"['TPO5', 'GSH2', 'YPK9', 'ENT3', 'AIM24', 'BCH1', 'HSE1']","['853589', '855277', '853680', '856387']",GO:0012505,3,0.063997354
245,"['SPH1', 'YPL264C', 'GEF1', 'RKM1', 'YIP4', 'MSA2', 'UBP8']","['855263', '855893']",GO:0008213,7,0.059904044
246,"['FAA4', 'HUL4', 'STB5', 'YIP3', 'YMR31', 'PCL7', 'UPS3', 'LSC2', 'AIM2', 'LSB6', 'TAZ1', 'CBP4', 'HMS2', 'YLR413W', 'IDH1']","['850610', '856262', '855691', '853159']",GO:0045333,5,0.002141528
247,"['FAA4', 'HUL4', 'STB5', 'YIP3', 'YMR31', 'PCL7', 'UPS3', 'LSC2', 'AIM2', 'LSB6', 'TAZ1', 'CBP4', 'HMS2', 'YLR413W', 'IDH1']","['850610', '854761', '856262', '855691', '853159']",GO:0006091,4,0.002141528
248,"['RPL24B', 'NCS2', 'RPL11B', 'VPS68', 'RPS0A', 'RPL9B', 'VPS8', 'RPS14B', 'RPL24A', 'RPL37A', 'SNL1', 'EGD1', 'TOF2', 'FSF1', 'THI20', 'RPP2A', 'RPS9A', 'RPL14A', 'RPL38', 'RPS23A', 'RPL9A', 'RPS6A', 'YMR155W', 'YAP5', 'CAF20', 'RPS7B', 'RPL16A', 'URM1', 'MNR2', 'RPL34B', 'RPL6B', 'PKR1', 'RPL15B', 'RPL7B', 'RPL43A', 'RPS25A', 'RPS1B', 'YDR506C', 'RPL17B', 'MAG2']","['854673', '853864', '855150', '853051', '856015', '855903', '856156', '853128', '854939', '851169', '852730', '853262', '856024', '853248', '852911', '854118', '854759', '852852', '855628', '851035', '850882', '855658', '852976']",GO:0002181,7,4.00E-23
249,"['RPL24B', 'NCS2', 'RPL11B', 'VPS68', 'RPS0A', 'RPL9B', 'VPS8', 'RPS14B', 'RPL24A', 'RPL37A', 'SNL1', 'EGD1', 'TOF2', 'FSF1', 'THI20', 'RPP2A', 'RPS9A', 'RPL14A', 'RPL38', 'RPS23A', 'RPL9A', 'RPS6A', 'YMR155W', 'YAP5', 'CAF20', 'RPS7B', 'RPL16A', 'URM1', 'MNR2', 'RPL34B', 'RPL6B', 'PKR1', 'RPL15B', 'RPL7B', 'RPL43A', 'RPS25A', 'RPS1B', 'YDR506C', 'RPL17B', 'MAG2']","['854673', '853864', '855150', '853051', '856015', '855903', '856156', '853128', '854939', '851169', '852730', '853262', '856024', '853248', '852911', '854118', '854759', '852852', '855628', '851035', '850882', '855658', '852976', '853015']",GO:0003735,3,4.00E-23
250,"['RPL24B', 'NCS2', 'RPL11B', 'VPS68', 'RPS0A', 'RPL9B', 'VPS8', 'RPS14B', 'RPL24A', 'RPL37A', 'SNL1', 'EGD1', 'TOF2', 'FSF1', 'THI20', 'RPP2A', 'RPS9A', 'RPL14A', 'RPL38', 'RPS23A', 'RPL9A', 'RPS6A', 'YMR155W', 'YAP5', 'CAF20', 'RPS7B', 'RPL16A', 'URM1', 'MNR2', 'RPL34B', 'RPL6B', 'PKR1', 'RPL15B', 'RPL7B', 'RPL43A', 'RPS25A', 'RPS1B', 'YDR506C', 'RPL17B', 'MAG2']","['854673', '853864', '855150', '853051', '854796', '856015', '855903', '856156', '853128', '854939', '851169', '852730', '853262', '856024', '853248', '852911', '854118', '854759', '852852', '855628', '851035', '850882', '855658', '852976', '853015']",GO:0005840,4,3.78E-22
251,"['RPL24B', 'NCS2', 'RPL11B', 'VPS68', 'RPS0A', 'RPL9B', 'VPS8', 'RPS14B', 'RPL24A', 'RPL37A', 'SNL1', 'EGD1', 'TOF2', 'FSF1', 'THI20', 'RPP2A', 'RPS9A', 'RPL14A', 'RPL38', 'RPS23A', 'RPL9A', 'RPS6A', 'YMR155W', 'YAP5', 'CAF20', 'RPS7B', 'RPL16A', 'URM1', 'MNR2', 'RPL34B', 'RPL6B', 'PKR1', 'RPL15B', 'RPL7B', 'RPL43A', 'RPS25A', 'RPS1B', 'YDR506C', 'RPL17B', 'MAG2']","['854673', '853864', '855150', '853051', '856015', '855903', '856156', '853128', '854939', '851169', '852730', '853262', '856024', '853248', '852911', '854118', '854759', '852852', '855628', '851035', '850882', '855658', '852976', '853015']",GO:0005198,2,9.45E-19
252,"['RPL24B', 'NCS2', 'RPL11B', 'VPS68', 'RPS0A', 'RPL9B', 'VPS8', 'RPS14B', 'RPL24A', 'RPL37A', 'SNL1', 'EGD1', 'TOF2', 'FSF1', 'THI20', 'RPP2A', 'RPS9A', 'RPL14A', 'RPL38', 'RPS23A', 'RPL9A', 'RPS6A', 'YMR155W', 'YAP5', 'CAF20', 'RPS7B', 'RPL16A', 'URM1', 'MNR2', 'RPL34B', 'RPL6B', 'PKR1', 'RPL15B', 'RPL7B', 'RPL43A', 'RPS25A', 'RPS1B', 'YDR506C', 'RPL17B', 'MAG2']","['856024', '853248', '850882', '855658', '852730', '852976']",GO:0019843,6,2.08E-05
253,"['RPL24B', 'NCS2', 'RPL11B', 'VPS68', 'RPS0A', 'RPL9B', 'VPS8', 'RPS14B', 'RPL24A', 'RPL37A', 'SNL1', 'EGD1', 'TOF2', 'FSF1', 'THI20', 'RPP2A', 'RPS9A', 'RPL14A', 'RPL38', 'RPS23A', 'RPL9A', 'RPS6A', 'YMR155W', 'YAP5', 'CAF20', 'RPS7B', 'RPL16A', 'URM1', 'MNR2', 'RPL34B', 'RPL6B', 'PKR1', 'RPL15B', 'RPL7B', 'RPL43A', 'RPS25A', 'RPS1B', 'YDR506C', 'RPL17B', 'MAG2']","['853262', '856024', '853128', '850882', '854939', '855628', '856015', '855903', '853248', '853015']",GO:0006364,6,5.25E-05
254,"['RPL24B', 'NCS2', 'RPL11B', 'VPS68', 'RPS0A', 'RPL9B', 'VPS8', 'RPS14B', 'RPL24A', 'RPL37A', 'SNL1', 'EGD1', 'TOF2', 'FSF1', 'THI20', 'RPP2A', 'RPS9A', 'RPL14A', 'RPL38', 'RPS23A', 'RPL9A', 'RPS6A', 'YMR155W', 'YAP5', 'CAF20', 'RPS7B', 'RPL16A', 'URM1', 'MNR2', 'RPL34B', 'RPL6B', 'PKR1', 'RPL15B', 'RPL7B', 'RPL43A', 'RPS25A', 'RPS1B', 'YDR506C', 'RPL17B', 'MAG2']","['854673', '853864', '854809', '854835', '855150', '853051', '854796', '856015', '855903', '854450', '854099', '856070', '856156', '853128', '854939', '851169', '853991', '852730', '854445', '853262', '856024', '853248', '852911', '854118', '854759', '852852', '855628', '851035', '855603', '853801', '855153', '851147', '850882', '855658', '851261', '852976', '853015']",GO:0005737,4,0.000141001
255,"['RPL24B', 'NCS2', 'RPL11B', 'VPS68', 'RPS0A', 'RPL9B', 'VPS8', 'RPS14B', 'RPL24A', 'RPL37A', 'SNL1', 'EGD1', 'TOF2', 'FSF1', 'THI20', 'RPP2A', 'RPS9A', 'RPL14A', 'RPL38', 'RPS23A', 'RPL9A', 'RPS6A', 'YMR155W', 'YAP5', 'CAF20', 'RPS7B', 'RPL16A', 'URM1', 'MNR2', 'RPL34B', 'RPL6B', 'PKR1', 'RPL15B', 'RPL7B', 'RPL43A', 'RPS25A', 'RPS1B', 'YDR506C', 'RPL17B', 'MAG2']","['856024', '853128', '854939', '856015', '853248', '853015']",GO:0042274,5,0.001355564
256,"['RPL24B', 'NCS2', 'RPL11B', 'VPS68', 'RPS0A', 'RPL9B', 'VPS8', 'RPS14B', 'RPL24A', 'RPL37A', 'SNL1', 'EGD1', 'TOF2', 'FSF1', 'THI20', 'RPP2A', 'RPS9A', 'RPL14A', 'RPL38', 'RPS23A', 'RPL9A', 'RPS6A', 'YMR155W', 'YAP5', 'CAF20', 'RPS7B', 'RPL16A', 'URM1', 'MNR2', 'RPL34B', 'RPL6B', 'PKR1', 'RPL15B', 'RPL7B', 'RPL43A', 'RPS25A', 'RPS1B', 'YDR506C', 'RPL17B', 'MAG2']","['853262', '850882', '851169', '855903', '852976']",GO:0042273,5,0.00370904
257,"['RPL24B', 'NCS2', 'RPL11B', 'VPS68', 'RPS0A', 'RPL9B', 'VPS8', 'RPS14B', 'RPL24A', 'RPL37A', 'SNL1', 'EGD1', 'TOF2', 'FSF1', 'THI20', 'RPP2A', 'RPS9A', 'RPL14A', 'RPL38', 'RPS23A', 'RPL9A', 'RPS6A', 'YMR155W', 'YAP5', 'CAF20', 'RPS7B', 'RPL16A', 'URM1', 'MNR2', 'RPL34B', 'RPL6B', 'PKR1', 'RPL15B', 'RPL7B', 'RPL43A', 'RPS25A', 'RPS1B', 'YDR506C', 'RPL17B', 'MAG2']","['854450', '854673', '853864', '856024', '855603', '853248', '855150', '850882', '855658', '853051', '851169', '852852', '852730', '852976']",GO:0003723,5,0.003765414
258,"['RPL24B', 'NCS2', 'RPL11B', 'VPS68', 'RPS0A', 'RPL9B', 'VPS8', 'RPS14B', 'RPL24A', 'RPL37A', 'SNL1', 'EGD1', 'TOF2', 'FSF1', 'THI20', 'RPP2A', 'RPS9A', 'RPL14A', 'RPL38', 'RPS23A', 'RPL9A', 'RPS6A', 'YMR155W', 'YAP5', 'CAF20', 'RPS7B', 'RPL16A', 'URM1', 'MNR2', 'RPL34B', 'RPL6B', 'PKR1', 'RPL15B', 'RPL7B', 'RPL43A', 'RPS25A', 'RPS1B', 'YDR506C', 'RPL17B', 'MAG2']","['853248', '851169', '853128', '852976']",GO:0042255,6,0.003765414
259,"['RPL24B', 'NCS2', 'RPL11B', 'VPS68', 'RPS0A', 'RPL9B', 'VPS8', 'RPS14B', 'RPL24A', 'RPL37A', 'SNL1', 'EGD1', 'TOF2', 'FSF1', 'THI20', 'RPP2A', 'RPS9A', 'RPL14A', 'RPL38', 'RPS23A', 'RPL9A', 'RPS6A', 'YMR155W', 'YAP5', 'CAF20', 'RPS7B', 'RPL16A', 'URM1', 'MNR2', 'RPL34B', 'RPL6B', 'PKR1', 'RPL15B', 'RPL7B', 'RPL43A', 'RPS25A', 'RPS1B', 'YDR506C', 'RPL17B', 'MAG2']","['854450', '853128', '852976', '851169', '853248']",GO:0070925,5,0.014228408
260,"['RPL24B', 'NCS2', 'RPL11B', 'VPS68', 'RPS0A', 'RPL9B', 'VPS8', 'RPS14B', 'RPL24A', 'RPL37A', 'SNL1', 'EGD1', 'TOF2', 'FSF1', 'THI20', 'RPP2A', 'RPS9A', 'RPL14A', 'RPL38', 'RPS23A', 'RPL9A', 'RPS6A', 'YMR155W', 'YAP5', 'CAF20', 'RPS7B', 'RPL16A', 'URM1', 'MNR2', 'RPL34B', 'RPL6B', 'PKR1', 'RPL15B', 'RPL7B', 'RPL43A', 'RPS25A', 'RPS1B', 'YDR506C', 'RPL17B', 'MAG2']","['856024', '853880', '855628', '856015', '855903', '853248']",GO:0005730,5,0.041101745
261,"['TPM1', 'MDH3', 'TPM2', 'PEX31', 'ERP6']","['855645', '854668']",GO:0006887,4,0.010094779
262,"['TPM1', 'MDH3', 'TPM2', 'PEX31', 'ERP6']","['855645', '854668']",GO:0007114,4,0.010094779
263,"['TPM1', 'MDH3', 'TPM2', 'PEX31', 'ERP6']","['855645', '854668']",GO:0048308,5,0.010094779
264,"['TPM1', 'MDH3', 'TPM2', 'PEX31', 'ERP6']","['852887', '851481']",GO:0005777,6,0.010725244
265,"['TPM1', 'MDH3', 'TPM2', 'PEX31', 'ERP6']","['855645', '854668']",GO:0000910,4,0.010725244
266,"['TPM1', 'MDH3', 'TPM2', 'PEX31', 'ERP6']","['855645', '854668']",GO:0007033,5,0.010725244
267,"['TPM1', 'MDH3', 'TPM2', 'PEX31', 'ERP6']","['855645', '854668']",GO:0008092,4,0.010725244
268,"['TPM1', 'MDH3', 'TPM2', 'PEX31', 'ERP6']","['855645', '854668']",GO:0005938,4,0.02800843
269,"['TPM1', 'MDH3', 'TPM2', 'PEX31', 'ERP6']","['855645', '854668']",GO:0005933,3,0.03502959
270,"['TPM1', 'MDH3', 'TPM2', 'PEX31', 'ERP6']","['855645', '854668']",GO:0030427,3,0.03502959
271,"['TPM1', 'MDH3', 'TPM2', 'PEX31', 'ERP6']","['855645', '854668']",GO:0005856,5,0.040251611
272,"['TPM1', 'MDH3', 'TPM2', 'PEX31', 'ERP6']","['855645', '854668']",GO:0007010,5,0.040716718
273,"['TPM1', 'MDH3', 'TPM2', 'PEX31', 'ERP6']","['855645', '854668']",GO:0007005,5,0.040716718
274,"['TPM1', 'MDH3', 'TPM2', 'PEX31', 'ERP6']","['855645', '854668']",GO:0000278,4,0.06275732
275,"['TPM1', 'MDH3', 'TPM2', 'PEX31', 'ERP6']",['852887'],GO:0007031,5,0.090314907
276,"['BRR1', 'SIL1', 'URH1', 'SNX3', 'LHS1', 'SFB2']","['854539', '854126', '855678', '853789']",GO:0012505,3,0.091752474
277,"['BRR1', 'SIL1', 'URH1', 'SNX3', 'LHS1', 'SFB2']","['854126', '855678', '853789']",GO:0005783,4,0.091752474
278,"['BRR1', 'SIL1', 'URH1', 'SNX3', 'LHS1', 'SFB2']","['854126', '853789']",GO:0006605,6,0.091752474
279,"['BRR1', 'SIL1', 'URH1', 'SNX3', 'LHS1', 'SFB2']","['855678', '854539']",GO:0048193,6,0.091752474
280,"['BRR1', 'SIL1', 'URH1', 'SNX3', 'LHS1', 'SFB2']","['854126', '853789']",GO:0030234,3,0.092204285
281,"['BRR1', 'SIL1', 'URH1', 'SNX3', 'LHS1', 'SFB2']","['855678', '854539']",GO:0005794,4,0.092204285
282,"['BRR1', 'SIL1', 'URH1', 'SNX3', 'LHS1', 'SFB2']","['855678', '854539']",GO:0031410,5,0.092204285
283,"['AFT1', 'TIP41', 'MNN4', 'BAP3', 'PBP1', 'SDS23']","['852809', '852824']",GO:0042594,4,0.049701909
284,"['AZR1', 'PHB2', 'NEJ1', 'PHB1', 'NAS6']","['853146', '853033']",GO:0048308,5,0.016032884
285,"['AZR1', 'PHB2', 'NEJ1', 'PHB1', 'NAS6']","['853146', '853033']",GO:0006457,3,0.025114272
286,"['AZR1', 'PHB2', 'NEJ1', 'PHB1', 'NAS6']","['853146', '853033']",GO:0007005,5,0.093408942
287,"['DOS2', 'MUP3', 'MAD1', 'CTF3', 'SAP30']","['852794', '851097', '855305']",GO:0033043,5,0.028494621
288,"['DOS2', 'MUP3', 'MAD1', 'CTF3', 'SAP30']","['852794', '851097', '855305']",GO:0005694,5,0.049730796
289,"['DOS2', 'MUP3', 'MAD1', 'CTF3', 'SAP30']","['852794', '851097']",GO:0007059,3,0.082211713
290,"['DOS2', 'MUP3', 'MAD1', 'CTF3', 'SAP30']","['852794', '851097']",GO:0048285,5,0.082211713
291,"['DOS2', 'MUP3', 'MAD1', 'CTF3', 'SAP30']","['852794', '851097']",GO:0051726,4,0.082211713
292,"['SWS2', 'CMC1', 'EPS1', 'FMC1', 'AIM31', 'VPS70', 'QRI7', 'MRP49']","['851454', '853687', '855643', '853721', '854709']",GO:0005739,5,0.057354442
293,"['AUS1', 'HMX1', 'GPM3', 'MSN2', 'YIL092W', 'AFT2', 'MDV1', 'MIC17', 'COX5A', 'ROX1', 'STB4', 'RGM1', 'NDE1', 'SWP82', 'CYC1', 'FET4', 'TIR3']","['855899', '856178', '855053', '855033', '855220']",GO:0003700,3,0.004872931
294,"['AUS1', 'HMX1', 'GPM3', 'MSN2', 'YIL092W', 'AFT2', 'MDV1', 'MIC17', 'COX5A', 'ROX1', 'STB4', 'RGM1', 'NDE1', 'SWP82', 'CYC1', 'FET4', 'TIR3']","['855899', '856178', '850495', '855053', '855033', '855220']",GO:0006366,7,0.033064115
295,"['AUS1', 'HMX1', 'GPM3', 'MSN2', 'YIL092W', 'AFT2', 'MDV1', 'MIC17', 'COX5A', 'ROX1', 'STB4', 'RGM1', 'NDE1', 'SWP82', 'CYC1', 'FET4', 'TIR3']","['855899', '850902', '855053']",GO:0006979,4,0.046260167
296,"['YSP3', 'ARA2', 'YOR059C', 'IMD3', 'CAM1', 'PKP2', 'RPP1A', 'GFD1', 'TKL1', 'PEX15', 'YKL027W', 'PEX10', 'FUN26', 'TEF4']","['854113', '851858']",GO:0007031,5,0.099271485
297,"['YSP3', 'ARA2', 'YOR059C', 'IMD3', 'CAM1', 'PKP2', 'RPP1A', 'GFD1', 'TKL1', 'PEX15', 'YKL027W', 'PEX10', 'FUN26', 'TEF4']","['856059', '853781']",GO:0005085,3,0.099271485
298,"['YSP3', 'ARA2', 'YOR059C', 'IMD3', 'CAM1', 'PKP2', 'RPP1A', 'GFD1', 'TKL1', 'PEX15', 'YKL027W', 'PEX10', 'FUN26', 'TEF4']","['856059', '853781']",GO:0008135,6,0.099271485
299,"['MBP1', 'MOD5', 'MGA2', 'SLP1']","['854448', '851503', '854851']",GO:0006366,7,0.047080779
300,"['PEX21', 'MET5', 'MET10', 'BNA3', 'HRQ1', 'MNS1', 'MET14', 'MET1', 'MET3']","['853386', '850588', '853869', '853466', '853943', '853602']",GO:0006520,4,8.22E-06
301,"['ALG6', 'UBC7', 'GAS5', 'ART5', 'OST3']","['854252', '854163']",GO:0006486,5,0.020712443
302,"['ALG6', 'UBC7', 'GAS5', 'ART5', 'OST3']","['854252', '854163', '855036', '854127']",GO:0016740,3,0.020712443
303,"['ALG6', 'UBC7', 'GAS5', 'ART5', 'OST3']","['854252', '854163']",GO:0016757,4,0.020712443
304,"['ALG6', 'UBC7', 'GAS5', 'ART5', 'OST3']","['854252', '854163', '855036']",GO:0005783,4,0.02251246
305,"['ALG6', 'UBC7', 'GAS5', 'ART5', 'OST3']","['855036', '854127']",GO:0071554,3,0.067170894
306,"['ALG6', 'UBC7', 'GAS5', 'ART5', 'OST3']","['854252', '854163', '855036']",GO:0012505,3,0.087841041
307,"['PRY1', 'YMC1', 'PMA2', 'MUP1']","['852946', '856171']",GO:0006865,6,0.005694065
308,"['PRY1', 'YMC1', 'PMA2', 'MUP1']","['856071', '852946', '856171']",GO:0022857,3,0.005694065
309,"['PRY1', 'YMC1', 'PMA2', 'MUP1']","['856071', '852946', '856171']",GO:0006811,5,0.005694065
310,"['PRY1', 'YMC1', 'PMA2', 'MUP1']","['856071', '852946', '856171']",GO:0055085,5,0.007444632
311,"['NMD4', 'INP1', 'MVP1', 'MRL1', 'APS2', 'NEM1']","['856194', '855016', '853521']",GO:0031410,5,0.034983173
312,"['NMD4', 'INP1', 'MVP1', 'MRL1', 'APS2', 'NEM1']","['856194', '855016', '853521', '856393']",GO:0012505,3,0.061232111
313,"['CAP2', 'DIP5', 'ARF3', 'ATX2', 'TWF1', 'DOT5']","['854777', '852971', '854261']",GO:0007010,5,0.04310159
314,"['CAP2', 'DIP5', 'ARF3', 'ATX2', 'TWF1', 'DOT5']","['854777', '852971']",GO:0008092,4,0.059022389
315,"['PRY3', 'ZRT3', 'AIM44', 'HSP150', 'IZH4', 'YKL075C', 'PIR1']","['853281', '853367', '853692']",GO:0005576,2,0.001957706
316,"['PRY3', 'ZRT3', 'AIM44', 'HSP150', 'IZH4', 'YKL075C', 'PIR1']","['853281', '853367', '853692']",GO:0005618,4,0.001957706
317,"['PRY3', 'ZRT3', 'AIM44', 'HSP150', 'IZH4', 'YKL075C', 'PIR1']","['854052', '853679']",GO:0006873,5,0.068823846
318,"['ADH4', 'FIT2', 'FIT1', 'ARN2', 'PPM2', 'YPL109C', 'FIT3', 'MSC2']","['851786', '852147', '854565', '854564', '856338']",GO:0006811,5,0.000948496
319,"['ADH4', 'FIT2', 'FIT1', 'ARN2', 'PPM2', 'YPL109C', 'FIT3', 'MSC2']","['854565', '854564', '852147']",GO:0005576,2,0.002233507
320,"['ADH4', 'FIT2', 'FIT1', 'ARN2', 'PPM2', 'YPL109C', 'FIT3', 'MSC2']","['854565', '854564', '852147']",GO:0005618,4,0.002233507
321,"['ADH4', 'FIT2', 'FIT1', 'ARN2', 'PPM2', 'YPL109C', 'FIT3', 'MSC2']","['851786', '856338']",GO:0006873,5,0.07352649
322,"['FOX2', 'AGX1', 'PAN6', 'ATO2', 'CRF1', 'FBP1', 'QDR1', 'EAF3', 'SCD6', 'RPE1', 'YDR338C', 'ACS1', 'JEN1', 'YHR202W', 'YKL162C', 'ODC1', 'MAL11', 'NUP60', 'FUM1', 'IDP2', 'CAT2']","['854965', '853878', '854661', '851245', '850871']",GO:0032787,7,0.012452927
323,"['FOX2', 'AGX1', 'PAN6', 'ATO2', 'CRF1', 'FBP1', 'QDR1', 'EAF3', 'SCD6', 'RPE1', 'YDR338C', 'ACS1', 'JEN1', 'YHR202W', 'YKL162C', 'ODC1', 'MAL11', 'NUP60', 'FUM1', 'IDP2', 'CAT2']","['855969', '853663', '854686', '851938', '855736', '853207']",GO:0022857,3,0.025114413
324,"['FOX2', 'AGX1', 'PAN6', 'ATO2', 'CRF1', 'FBP1', 'QDR1', 'EAF3', 'SCD6', 'RPE1', 'YDR338C', 'ACS1', 'JEN1', 'YHR202W', 'YKL162C', 'ODC1', 'MAL11', 'NUP60', 'FUM1', 'IDP2', 'CAT2']","['855969', '853663', '854686', '851938', '855736', '853207']",GO:0055085,5,0.062094079
325,"['ISU2', 'NCS6', 'YIL001W', 'ALY1', 'MUK1', 'PRM10']","['852661', '854401']",GO:0009451,6,0.06441768
326,"['ISU2', 'NCS6', 'YIL001W', 'ALY1', 'MUK1', 'PRM10']","['852661', '854401']",GO:0008033,8,0.06441768
